"ИД";"Ссылка";"Картинка"
"1260";"/katalog_tovarov1/aksessuary/sushki_dlya_posudy/365050_sushilka_dlya_posudy_universalnaya_metallicheskaya_55_mest/";"/images/imgulab/135x135/3-650-50.jpg"
"1278";"/katalog_tovarov1/aksessuary/kolcoutyazhelitel/630056_kolcoutyazhilitel_045_kg_56_mm_dlya_kolb_2501000_ml/";"/images/imgulab/135x135/6-300-56.jpg"
"1270";"/katalog_tovarov1/aksessuary/zazhimy/520025_zazhim_gofmana_do_25_mm/";"/images/imgulab/135x135/5-200-25.jpg"
"1283";"/katalog_tovarov1/aksessuary/grusha_dlya_pipetok/621020_grusha_dlya_pipetok_trehklapannaya/";"/images/imgulab/135x135/6-210-20.jpg"
"1262";"/katalog_tovarov1/aksessuary/stoliki_podemnye/4450150_stolik_podemnyj_150150_mm/";"/images/imgulab/135x135/4-450-150-200.jpg"
"1263";"/katalog_tovarov1/aksessuary/stoliki_podemnye/4450200_stolik_podemnyj_200200_mm/";"/images/imgulab/135x135/4-450-150-200.jpg"
"1265";"/katalog_tovarov1/aksessuary/stoliki_podemnye/4450245_stolik_podemnyj_pe2420_so_shtativom_180245_mm/";"/images/imgulab/135x135/4-450-245.jpg"
"19930";"/katalog_tovarov1/aksessuary/stoliki_podemnye/4450250_stolik_podemnyj_260260_mm/";
"15032";"/katalog_tovarov1/aksessuary/wipcy_tigelnye/620530_wipcy_dlya_kolb/";"/images/imgulab/aksessuar/135x135/6-205-30s.jpg"
"1272";"/katalog_tovarov1/aksessuary/wipcy_tigelnye/6600150_wipcy_tigelnye_150_mm/";"/images/imgulab/135x135/6-600-150-450.jpg"
"1273";"/katalog_tovarov1/aksessuary/wipcy_tigelnye/6600450_wipcy_tigelnye_450_mm/";"/images/imgulab/135x135/6-600-150-450.jpg"
"19931";"/katalog_tovarov1/aksessuary/wipcy_tigelnye/6600600_wipcy_tigelnye_600_mm/";
"1275";"/katalog_tovarov1/aksessuary/pincety/6210125_pincet_l125_mm/";"/images/imgulab/135x135/6-210-125.jpg"
"1276";"/katalog_tovarov1/aksessuary/pincety/6212120_pincet_l120_mm/";"/images/imgulab/135x135/6-212-120.jpg"
"1280";"/katalog_tovarov1/aksessuary/shpatellozhechki/6120175_shpatellozhechka_l175_mm/";"/images/imgulab/135x135/6-120-175-200.jpg"
"1281";"/katalog_tovarov1/aksessuary/shpatellozhechki/6120200_shpatellozhechka_l200_mm/";"/images/imgulab/135x135/6-120-175-200.jpg"
"1250";"/katalog_tovarov1/aksessuary/shtativy/227004_shtativ_laboratornyj_pe2700/";"/images/imgulab/135x135/2-2700-4.jpg"
"18103";"/katalog_tovarov1/aksessuary/shtativy/shtativ_laboratornyj_bunzena_ulab/";"/images/imgulab/photo ulab/2700_s.jpg"
"1251";"/katalog_tovarov1/aksessuary/shtativy/227102_shtativ_laboratornyj_pe2710/";"/images/imgulab/135x135/2710_s.jpg"
"18104";"/katalog_tovarov1/aksessuary/shtativy/shtativ_peh2710_laboratornyj_dlya_byuretok/";"/images/imgulab/photo ulab/27103_s.jpg"
"1252";"/katalog_tovarov1/aksessuary/shtativy/265010_shtativ_dlya_pipetok_gorizontalnyj_12_mest/";"/images/imgulab/135x135/2-650-10.jpg"
"1253";"/katalog_tovarov1/aksessuary/shtativy/250020_shtativ_dlya_probirok_30_otverstij_d185_mm/";"/images/imgulab/135x135/2-500-20.jpg"
"1254";"/katalog_tovarov1/aksessuary/shtativy/22720_shtativ_dlya_verhneprivodnyh_meshalok/";"/images/imgulab/135x135/2-2720.jpg"
"1255";"/katalog_tovarov1/aksessuary/shtativy/22730/";"/images/imgulab/135x135/2-2730.jpg"
"1256";"/katalog_tovarov1/aksessuary/shtativy/275027_stojka_dlya_shtativa_laboratornogo/";"/images/imgulab/135x135/2-750-27.jpg"
"1258";"/katalog_tovarov1/aksessuary/shtativy/26003_shtativ_dlya_elektrodov/";"/images/imgulab/135x135/2-600-3.jpg"
"18102";"/katalog_tovarov1/aksessuary/shtativy/shtativ_dlya_pipetok_2910_ulab/";"/images/imgulab/photo ulab/2910_s.jpg"
"15715";"/katalog_tovarov1/aksessuary/derzhateli/118012_derzhatel_dlya_byuretok_odinarnyj/";"/images/imgulab/folder/1-180-12.jpg"
"1234";"/katalog_tovarov1/aksessuary/derzhateli/118010_derzhatel_dlya_byuretok_dvojnoj/";"/images/imgulab/aksessuar/135x135/1-180-10s.jpg"
"1235";"/katalog_tovarov1/aksessuary/derzhateli/117010_derzhatel_trehpalyj_070_mm/";"/images/imgulab/aksessuar/135x135/1-170-10s.jpg"
"15047";"/katalog_tovarov1/aksessuary/derzhateli/120010_derzhatel_chetyrehpalyj_do_80_mm/";"/images/imgulab/aksessuar/135x135/1-200-10s.jpg"
"1236";"/katalog_tovarov1/aksessuary/derzhateli/126065_derzhatel_dvuhpalyj_s_dvojnym_zazhimom_do_65_mm/";"/images/imgulab/135x135/1-260-40-65.jpg"
"1237";"/katalog_tovarov1/aksessuary/derzhateli/126040_derzhatel_dvuhpalyj_s_dvojnym_zazhimom_do_40_mm/";"/images/imgulab/135x135/1-260-40-65.jpg"
"1238";"/katalog_tovarov1/aksessuary/derzhateli/110045_derzhatel_dvuhpalyj_s_odnim_zazhimom_do_45_mm/";"/images/imgulab/aksessuar/135x135/1-100-45s.jpg"
"1239";"/katalog_tovarov1/aksessuary/derzhateli/1400145_derzhatel_s_cepyu_80150_mm/";"/images/imgulab/135x135/1-400-145.jpg"
"1240";"/katalog_tovarov1/aksessuary/derzhateli/110025_derzhatel_dlya_probirok_i_termometrov_s_prizhimnym_mehanizmom_025_mm/";"/images/imgulab/aksessuar/135x135/1-100-25s.jpg"
"1241";"/katalog_tovarov1/aksessuary/derzhateli/120015_derzhatel_dlya_termometrov_do_10_mm/";"/images/imgulab/aksessuar/135x135/1-200-15s.jpg"
"1242";"/katalog_tovarov1/aksessuary/derzhateli/131060_derzhatelkolco_zakrytoe_60_mm/";"/images/imgulab/135x135/1-310-60-100-140.jpg"
"1243";"/katalog_tovarov1/aksessuary/derzhateli/1310100_derzhatelkolco_zakrytoe_100_mm/";"/images/imgulab/135x135/1-310-60-100-140.jpg"
"1244";"/katalog_tovarov1/aksessuary/derzhateli/1310140_derzhatelkolco_zakrytoe_140_mm/";"/images/imgulab/135x135/1-310-60-100-140.jpg"
"1245";"/katalog_tovarov1/aksessuary/derzhateli/1300100_derzhatelkolco_otkrytoe_100_mm/";"/images/imgulab/135x135/1-300-100.jpg"
"1246";"/katalog_tovarov1/aksessuary/derzhateli/120116_kreplenie_k_shtativu_016_mm/";"/images/imgulab/aksessuar/135x135/1-201-16s.jpg"
"1247";"/katalog_tovarov1/aksessuary/derzhateli/120121_kreplenie_k_shtativu021_mm/";"/images/imgulab/aksessuar/135x135/1-201-21s.jpg"
"1248";"/katalog_tovarov1/aksessuary/derzhateli/120124_kreplenie_k_shtativu024_mm/";"/images/imgulab/aksessuar/135x135/1-201-24s.jpg"
"1285";"/katalog_tovarov1/aksessuary/kontroller_dlya_pipetok/63001_kontroller_dlya_piptetok_mehanicheskij/";"/images/imgulab/135x135/6-300-1.jpg"
"1286";"/katalog_tovarov1/aksessuary/kontroller_dlya_pipetok/63002_kontroller_dlya_piptetok_avtomaticheskij/";"/images/imgulab/aksessuar/scilogex-levo-me-motorized-pipette-filler_s.jpg"
"1292";"/katalog_tovarov1/aksessuary/podstavka_korkovaya/6450120_podstavka_korkovaya_dlya_kolb_na_500_ml_120_mm/";"/images/imgulab/135x135/6-450-120-140.jpg"
"1288";"/katalog_tovarov1/aksessuary/ersh_probirochnyj/64001_ersh_probirochnyj_malenkij/";"/images/imgulab/135x135/6-400-1-2-3.jpg"
"1293";"/katalog_tovarov1/aksessuary/podstavka_korkovaya/6450140_podstavka_korkovaya_dlya_kolb_na_1000_ml_140_mm/";"/images/imgulab/135x135/6-450-120-140.jpg"
"1289";"/katalog_tovarov1/aksessuary/ersh_probirochnyj/64002_ersh_probirochnyj_srednij/";"/images/imgulab/135x135/6-400-1-2-3.jpg"
"1290";"/katalog_tovarov1/aksessuary/ersh_probirochnyj/64003_ersh_probirochnyj_bolshoj/";"/images/imgulab/135x135/6-400-1-2-3.jpg"
"992";"/katalog_tovarov1/obwelaboratornoe_oborudovanie/schetchik_kolonij/ut5501/";"/images/imgulab/obshelab/135/UT-5501s.jpg"
"993";"/katalog_tovarov1/obwelaboratornoe_oborudovanie/schetchik_kolonij/ut5502_schetchik_kolonij_150_mm/";"/images/imgulab/obshelab/135/UT-5502s.jpg"
"1301";"/katalog_tovarov1/aksessuary/tajmery_laboratornye/62001_tajmer_laboratornyj_4h_kanalnyj/";"/images/imgulab/aksessuar/135x135/6-200-1s.jpg"
"1302";"/katalog_tovarov1/aksessuary/tajmery_laboratornye/62002_tajmer_laboratornyj_3h_kanalnyj/";"/images/imgulab/aksessuar/135x135/6-200-2s.jpg"
"1308";"/katalog_tovarov1/aksessuary/meshalniki/8257_magnitnyj_yakor_25h7_mm/";"/images/imgulab/135x135/8-25-40-60.jpg"
"1309";"/katalog_tovarov1/aksessuary/meshalniki/8408_magnitnyj_yakor_40h8_mm/";"/images/imgulab/135x135/8-25-40-60.jpg"
"15048";"/katalog_tovarov1/aksessuary/meshalniki/8508_magnitnyj_yakor_50x8_mm/";"/images/imgulab/aksessuar/135x135/8-60-10s.jpg"
"1310";"/katalog_tovarov1/aksessuary/meshalniki/86010_magnitnyj_yakor_60h10_mm/";"/images/imgulab/135x135/8-25-40-60.jpg"
"1295";"/katalog_tovarov1/aksessuary/prinadlezhnosti_laboratornye/6200060_lozhechka_dlya_szhiganiya_s_flancem_200mm_flanec_60_mm/";"/images/imgulab/135x135/6-200-060.jpg"
"1311";"/katalog_tovarov1/aksessuary/meshalniki/830010_izvlekatel_magnitnyh_yakorej/";"/images/imgulab/135x135/8-300-10.jpg"
"1297";"/katalog_tovarov1/aksessuary/prinadlezhnosti_laboratornye/660030_nozh_dlya_steklyannyh_probirok_do_30_mm/";"/images/imgulab/135x135/6-600-30.jpg"
"1299";"/katalog_tovarov1/aksessuary/prinadlezhnosti_laboratornye/61001_kovrik_laboratornyj_ergomat/";"/images/imgulab/135x135/6-100-1.jpg"
"15050";"/katalog_tovarov1/aksessuary/prinadlezhnosti_laboratornye/mufta_ftoroplastovaya_2932/";"/images/imgulab/aksessuar/135x135/6-122-29s.jpg"
"15052";"/katalog_tovarov1/aksessuary/prinadlezhnosti_laboratornye/6190100_prihvatka_laboratornaya/";"/images/imgulab/aksessuar/135x135/6-190-100s.jpg"
"1009";"/katalog_tovarov1/obwelaboratornoe_oborudovanie/centrifugi_laboratornye/uc1512_centrifuga_dlya_probirok_ependorf/";"/images/imgulab/obshelab/135/UC-1512s.jpg"
"1003";"/katalog_tovarov1/obwelaboratornoe_oborudovanie/centrifugi_laboratornye/uc1412a_centrifuga_laboratornaya/";"/images/imgulab/obshelab/135/UC-1412As.jpg"
"1005";"/katalog_tovarov1/obwelaboratornoe_oborudovanie/centrifugi_laboratornye/uc4000e_centrifuga_laboratornaya/";"/images/imgulab/obshelab/135/UC-4000Es.jpg"
"1004";"/katalog_tovarov1/obwelaboratornoe_oborudovanie/centrifugi_laboratornye/uc1412d_centrifuga_laboratornaya/";"/images/imgulab/obshelab/135/UC-1412Ds.jpg"
"1006";"/katalog_tovarov1/obwelaboratornoe_oborudovanie/centrifugi_laboratornye/uc1536e_centrifuga_laboratornaya/";"/images/imgulab/obshelab/135/UC-1536Es.jpg"
"15701";"/katalog_tovarov1/obwelaboratornoe_oborudovanie/kolbonagrevateli/ut4110s_kolbonagrevatel_1000_ml_c_peremeshivaniem/";"/images/imgulab/135x135/4100s_small.jpg"
"15700";"/katalog_tovarov1/obwelaboratornoe_oborudovanie/kolbonagrevateli/ut4100s_kolbonagrevatel_500_ml_c_peremeshivaniem/";"/images/imgulab/135x135/4100s_small.jpg"
"1021";"/katalog_tovarov1/obwelaboratornoe_oborudovanie/kolbonagrevateli/ut4120d_kolbonagrevatel_250_ml/";"/images/pe-lab/ut-4100ds.jpg"
"1022";"/katalog_tovarov1/obwelaboratornoe_oborudovanie/kolbonagrevateli/ut4100d_kolbonagrevatel_500_ml/";"/images/pe-lab/ut-4100ds.jpg"
"1023";"/katalog_tovarov1/obwelaboratornoe_oborudovanie/kolbonagrevateli/ut4110d_kolbonagrevatel_1000_ml/";"/images/pe-lab/ut-4100ds.jpg"
"19944";"/katalog_tovarov1/obwelaboratornoe_oborudovanie/kolbonagrevateli/kolbonagrevatel_4102d_2000_ml_ulab/";"/images/pe-lab/ut-4100ds.jpg"
"1025";"/katalog_tovarov1/obwelaboratornoe_oborudovanie/kolbonagrevateli/ut4101e_kolbonagrevatel_100_ml/";"/images/imgulab/obshelab/135/UT-4101Es.jpg"
"1026";"/katalog_tovarov1/obwelaboratornoe_oborudovanie/kolbonagrevateli/ut4120e_kolbonagrevatel_250_ml/";"/images/imgulab/obshelab/135/UT-4120Es.jpg"
"1028";"/katalog_tovarov1/obwelaboratornoe_oborudovanie/kolbonagrevateli/ut4110e_kolbonagrevatel_1000_ml/";"/images/imgulab/obshelab/135/UT-4110Es.jpg"
"1030";"/katalog_tovarov1/obwelaboratornoe_oborudovanie/kolbonagrevateli/ut4103e_kolbonagrevatel_3000_ml/";"/images/imgulab/obshelab/135/UT-4103Es.jpg"
"1027";"/katalog_tovarov1/obwelaboratornoe_oborudovanie/kolbonagrevateli/ut4100e_kolbonagrevatel_500_ml/";"/images/imgulab/obshelab/135/UT-4100Es.jpg"
"15073";"/katalog_tovarov1/obwelaboratornoe_oborudovanie/kolbonagrevateli/ut41003_kolbonagrevatel_trehmestnyj_500_ml/";"/images/imgulab/obshelab/135/ut-4100-3_s.jpg"
"1029";"/katalog_tovarov1/obwelaboratornoe_oborudovanie/kolbonagrevateli/ut4102e_kolbonagrevatel_2000_ml/";"/images/imgulab/obshelab/135/UT-4102Es.jpg"
"19842";"/katalog_tovarov1/obwelaboratornoe_oborudovanie/kolbonagrevateli/ut41103_kolbonagrevatel_trehmestnyj_1000_ml_ulab/";"/images/imgulab/obshelab/135/ut-4100-3_s1.jpg"
"1066";"/katalog_tovarov1/obwelaboratornoe_oborudovanie/plitki_nagrevatelnye/uh2840a_plita_nagrevatelnaya/";"/images/imgulab/obshelab/135/UH-2840As.jpg"
"1067";"/katalog_tovarov1/obwelaboratornoe_oborudovanie/plitki_nagrevatelnye/uh3545a_plita_nagrevatelnaya/";"/images/imgulab/obshelab/135/UH-3545As.jpg"
"1068";"/katalog_tovarov1/obwelaboratornoe_oborudovanie/plitki_nagrevatelnye/uh4060a_plita_nagrevatelnaya/";"/images/imgulab/obshelab/135/UH-4060As.jpg"
"1074";"/katalog_tovarov1/obwelaboratornoe_oborudovanie/plitki_nagrevatelnye/uh0150a_plita_nagrevatelnaya/";"/images/imgulab/obshelab/135/UH-0150As.jpg"
"1075";"/katalog_tovarov1/obwelaboratornoe_oborudovanie/plitki_nagrevatelnye/uh2125d_plita_nagrevatelnaya/";"/images/imgulab/obshelab/135/UH-2125Ds.jpg"
"1076";"/katalog_tovarov1/obwelaboratornoe_oborudovanie/plitki_nagrevatelnye/uh4550_plita_nagrevatelnaya/";"/images/imgulab/obshelab/135/UH-4550s.jpg"
"1090";"/katalog_tovarov1/obwelaboratornoe_oborudovanie/gomogenizatory/us4102_gomogenizator_ruchnoj/";"/images/imgulab/obshelab/135/US-4102s.jpg"
"1093";"/katalog_tovarov1/obwelaboratornoe_oborudovanie/shejkery_laboratornye/us1350l_shejker_laboratornyj_vozvratnopostupatelnyj/";"/images/imgulab/obshelab/135/US-1350Ls.jpg"
"1094";"/katalog_tovarov1/obwelaboratornoe_oborudovanie/shejkery_laboratornye/us1350o_shejker_laboratornyj_orbitalnyj/";"/images/imgulab/obshelab/135/US-1350Os.jpg"
"15007";"/katalog_tovarov1/obwelaboratornoe_oborudovanie/magnitnye_meshalki/us1550a_magnitnaya_meshalka_s_podogrevom/";"/images/imgulab/obshelab/135/us-1550as.jpg"
"15006";"/katalog_tovarov1/obwelaboratornoe_oborudovanie/magnitnye_meshalki/us1500d_magnitnaya_meshalka_s_podogrevom/";"/images/imgulab/obshelab/135/US-1500Ds.jpg"
"15008";"/katalog_tovarov1/obwelaboratornoe_oborudovanie/magnitnye_meshalki/us1550d_magnitnaya_meshalka_s_podogrevom/";"/images/imgulab/obshelab/135/US-1550Ds.jpg"
"15004";"/katalog_tovarov1/obwelaboratornoe_oborudovanie/magnitnye_meshalki/us1500a_magnitnaya_meshalka_s_podogrevom/";"/images/imgulab/obshelab/135/US-1500As.jpg"
"18000";"/katalog_tovarov1/obwelaboratornoe_oborudovanie/magnitnye_meshalki/ecostir_magnitnaya_meshalka_bez_podogreva/";"/images/pe-lab/ecostir1_small.jpg"
"15755";"/katalog_tovarov1/obwelaboratornoe_oborudovanie/magnitnye_meshalki/us6120_magnitnaya_meshalka_s_podogrevom/";"/images/imgulab/magnitnye_meshalki/6120_s.jpg"
"15005";"/katalog_tovarov1/obwelaboratornoe_oborudovanie/magnitnye_meshalki/us1500s_magnitnaya_meshalka_s_podogrevom/";"/images/imgulab/obshelab/135/US-1500Ss.jpg"
"15009";"/katalog_tovarov1/obwelaboratornoe_oborudovanie/magnitnye_meshalki/us0135h_magnitnaya_meshalka_10ti_mestnaya_s_podogrevom/";"/images/imgulab/obshelab/135/US-0135Hs.jpg"
"15010";"/katalog_tovarov1/obwelaboratornoe_oborudovanie/magnitnye_meshalki/us1605h_magnitnaya_meshalka_5ti_mestnaya_s_podogrevom/";"/images/imgulab/135x135/1605H_s.jpg"
"15011";"/katalog_tovarov1/obwelaboratornoe_oborudovanie/magnitnye_meshalki/us1605_magnitnaya_meshalka_5ti_mestnaya_bez_podogreva/";"/images/imgulab/obshelab/135/US-1605s.jpg"
"15012";"/katalog_tovarov1/obwelaboratornoe_oborudovanie/magnitnye_meshalki/us6100_magnitnaya_meshalka_bez_podogreva/";"/images/imgulab/obshelab/135/US-6100s.jpg"
"15013";"/katalog_tovarov1/obwelaboratornoe_oborudovanie/magnitnye_meshalki/us6150a_magnitnaya_meshalka_bez_podogreva/";"/images/imgulab/obshelab/135/US-6150As.jpg"
"15014";"/katalog_tovarov1/obwelaboratornoe_oborudovanie/magnitnye_meshalki/us6150d_magnitnaya_meshalka_bez_podogreva/";"/images/imgulab/obshelab/135/US-6150Ds.jpg"
"1086";"/katalog_tovarov1/obwelaboratornoe_oborudovanie/verhneprivodnye_meshalki/us2000a_verhneprivodnaya_meashlka_reduktornaya/";"/images/imgulab/obshelab/135/US-2000As.jpg"
"1088";"/katalog_tovarov1/obwelaboratornoe_oborudovanie/verhneprivodnye_meshalki/us2200a_verhneprivodnaya_meshalka/";"/images/imgulab/obshelab/135/US-2200As.jpg"
"1087";"/katalog_tovarov1/obwelaboratornoe_oborudovanie/verhneprivodnye_meshalki/us2000d_verhneprivodnaya_meashlka_reduktornaya/";"/images/imgulab/obshelab/135/US-2000Ds.jpg"
"1089";"/katalog_tovarov1/obwelaboratornoe_oborudovanie/verhneprivodnye_meshalki/us2200d_verhneprivodnaya_meshalka/";"/images/imgulab/obshelab/135/US-2200Ds.jpg"
"15710";"/katalog_tovarov1/obwelaboratornoe_oborudovanie/verhneprivodnye_meshalki/us8100/";"/images/imgulab/8100_small.jpg"
"15723";"/katalog_tovarov1/obwelaboratornoe_oborudovanie/verhneprivodnye_meshalki/us8300_verhneprivodnaya_meshalka_bez_shtativa1/";"/images/imgulab/135x135/8300_s1.jpg"
"15711";"/katalog_tovarov1/obwelaboratornoe_oborudovanie/verhneprivodnye_meshalki/us8310/";"/images/imgulab/135x135/8310_s.jpg"
"1060";"/katalog_tovarov1/obwelaboratornoe_oborudovanie/bani_laboratrnye/ut4334_banya_vodyanaya_glubokaya/";"/images/imgulab/obshelab/135/UT-4334s.jpg"
"1031";"/katalog_tovarov1/obwelaboratornoe_oborudovanie/bani_laboratrnye/ut4302_banya_vodyanaya_dvuhmestnaya/";"/images/imgulab/obshelab/135/UT-4302s.jpg"
"1032";"/katalog_tovarov1/obwelaboratornoe_oborudovanie/bani_laboratrnye/ut4304_banya_vodyanaya_chetyrehmestnaya/";"/images/imgulab/obshelab/135/UT-4304s.jpg"
"1033";"/katalog_tovarov1/obwelaboratornoe_oborudovanie/bani_laboratrnye/ut4300_banya_vodyanaya_shestimestnaya/";"/images/imgulab/obshelab/135/UT-4300s.jpg"
"1034";"/katalog_tovarov1/obwelaboratornoe_oborudovanie/bani_laboratrnye/ut4308_banya_vodyanaya_vosmimestnaya/";"/images/imgulab/obshelab/135/UT-4308s.jpg"
"1035";"/katalog_tovarov1/obwelaboratornoe_oborudovanie/bani_laboratrnye/ut4301e_banya_vodyanaya_odnomestnaya/";"/images/imgulab/obshelab/135/UT-4301s.jpg"
"1036";"/katalog_tovarov1/obwelaboratornoe_oborudovanie/bani_laboratrnye/ut4302e_banya_vodyanaya_dvuhmestnaya/";"/images/imgulab/obshelab/135/UT-4302Es.jpg"
"1037";"/katalog_tovarov1/obwelaboratornoe_oborudovanie/bani_laboratrnye/ut4304e_banya_vodyanaya_chetyrehmestnaya/";"/images/imgulab/obshelab/UT-4304Es.jpg"
"1039";"/katalog_tovarov1/obwelaboratornoe_oborudovanie/bani_laboratrnye/ut4308e_banya_vodyanaya_vosmimestnaya/";"/images/imgulab/obshelab/135/UT-4308Es.jpg"
"1038";"/katalog_tovarov1/obwelaboratornoe_oborudovanie/bani_laboratrnye/ut4300e_banya_vodyanaya_shestimestnaya/";"/images/imgulab/135x135/ut-4300e_small.jpg"
"1040";"/katalog_tovarov1/obwelaboratornoe_oborudovanie/bani_laboratrnye/ut4305_banya_vodyanaya_5_l/";"/images/imgulab/obshelab/135/UT-4305s.jpg"
"1041";"/katalog_tovarov1/obwelaboratornoe_oborudovanie/bani_laboratrnye/ut4313_banya_vodyanaya_13_l/";"/images/imgulab/obshelab/135/UT-4313s.jpg"
"1059";"/katalog_tovarov1/obwelaboratornoe_oborudovanie/bani_laboratrnye/ut4328_banya_vodyanaya_28_l/";"/images/imgulab/obshelab/135/UT-4328s.jpg"
"1061";"/katalog_tovarov1/obwelaboratornoe_oborudovanie/bani_laboratrnye/ut4415_banya_peschanaya/";"/images/imgulab/obshelab/135/UT-4415s.jpg"
"1062";"/katalog_tovarov1/obwelaboratornoe_oborudovanie/bani_laboratrnye/ut4013_banya_maslyannaya_13_l/";"/images/imgulab/obshelab/135/UT-4013s.jpg"
"17318";"/katalog_tovarov1/obwelaboratornoe_oborudovanie/bani_laboratrnye/ut4331s_banya_vodyanaya_s_shejkerom/";"/images/imgulab/200/ut-4331s.jpg"
"21490";"/katalog_tovarov1/obwelaboratornoe_oborudovanie/bani_laboratrnye/ut4305e_banya_vodyanaya_65_l_ulab/";"/images/imgulab/135x135/ut-4305e.jpg"
"21491";"/katalog_tovarov1/obwelaboratornoe_oborudovanie/bani_laboratrnye/ut4313e_banya_vodyanaya_12_l_ulab/";"/images/imgulab/135x135/ut-4305e.jpg"
"1107";"/katalog_tovarov1/obwelaboratornoe_oborudovanie/rotacionnye_ispariteli/ul2000e_rotacioonyj_isparitel/";"/images/imgulab/obshelab/135/UL-2000Es.jpg"
"1105";"/katalog_tovarov1/obwelaboratornoe_oborudovanie/rotacionnye_ispariteli/ul1100_rotacioonyj_isparitel/";"/images/imgulab/obshelab/135/UL-1100s.jpg"
"21392";"/katalog_tovarov1/obwelaboratornoe_oborudovanie/rotacionnye_ispariteli/ul2200_isparitel_rotacionnyj_ulab/";"/images/imgulab/ul-2200_small.jpg"
"1098";"/katalog_tovarov1/obwelaboratornoe_oborudovanie/distillyatory_steklyannye/ud2016_bidistillyator_steklyannyj/";"/images/imgulab/obshelab/135/UD-2016s.jpg"
"1095";"/katalog_tovarov1/obwelaboratornoe_oborudovanie/distillyatory_steklyannye/ud1018_distillyator_steklyannyj/";"/images/imgulab/obshelab/135/UD-1018s.jpg"
"1099";"/katalog_tovarov1/obwelaboratornoe_oborudovanie/distillyatory_steklyannye/ud3015_tridistillyator_steklyannyj/";"/images/imgulab/obshelab/135/UD-3015s.jpg"
"1100";"/katalog_tovarov1/obwelaboratornoe_oborudovanie/distillyatory_metallicheskie/ud1050_distillyator/";"/images/imgulab/obshelab/135/UD-1050s.jpg"
"1101";"/katalog_tovarov1/obwelaboratornoe_oborudovanie/distillyatory_metallicheskie/ud1100_distillyator/";"/images/imgulab/obshelab/135/UD-1100s.jpg"
"1102";"/katalog_tovarov1/obwelaboratornoe_oborudovanie/distillyatory_metallicheskie/ud1200/";"/images/imgulab/obshelab/135/UD-1200s.jpg"
"1104";"/katalog_tovarov1/obwelaboratornoe_oborudovanie/distillyatory_metallicheskie/ud5000_distilyator_specializirovannyj_napolnyj/";"/images/imgulab/obshelab/135/UD-5000s.jpg"
"1119";"/katalog_tovarov1/obwelaboratornoe_oborudovanie/nasosy_vakuumnye/jk180a_nasos_vakuumnyj_vodostrujnyj/";"/images/imgulab/obshelab/135/JK-180As.jpg"
"1118";"/katalog_tovarov1/obwelaboratornoe_oborudovanie/nasosy_vakuumnye/ts2l_nasos_vakuumnyj_maslyanyj/";"/images/imgulab/obshelab/135/TS-2Ls.jpg"
"21391";"/katalog_tovarov1/obwelaboratornoe_oborudovanie/nasosy_vakuumnye/ts4l_nasos_vakuumnyj_maslyanyj_ulab/";"/images/imgulab/obshelab/135/TS-2Ls.jpg"
"1120";"/katalog_tovarov1/obwelaboratornoe_oborudovanie/mufelnye_pechi/uf1007_mufelnaya_pech_72_l/";"/images/imgulab/obshelab/135/UF-1007s.jpg"
"1121";"/katalog_tovarov1/obwelaboratornoe_oborudovanie/mufelnye_pechi/uf1207/";"/images/imgulab/obshelab/135/UF-1207s.jpg"
"17446";"/katalog_tovarov1/obwelaboratornoe_oborudovanie/mufelnye_pechi/uf1250t_mufelnaya_pech_trubchataya/";"/images/imgulab/uf-1250t.jpg"
"17447";"/katalog_tovarov1/obwelaboratornoe_oborudovanie/mufelnye_pechi/uf1608_mufelnaya_pech_8l/";"/images/imgulab/uf-1608.jpg"
"1108";"/katalog_tovarov1/obwelaboratornoe_oborudovanie/shkafy_sushilnye/ut4620_shkaf_sushilnyj_30_l/";"/images/imgulab/obshelab/135/UT-4620s.jpg"
"1113";"/katalog_tovarov1/obwelaboratornoe_oborudovanie/shkafy_sushilnye/ut4663_shkaf_sushilnyj_627_l/";"/images/imgulab/obshelab/135/UT-4663s.jpg"
"1109";"/katalog_tovarov1/obwelaboratornoe_oborudovanie/shkafy_sushilnye/ut4610_shkaf_sushilnyj_64_l/";"/images/imgulab/obshelab/135/UT-4610s.jpg"
"1110";"/katalog_tovarov1/obwelaboratornoe_oborudovanie/shkafy_sushilnye/ut4686_shkaf_sushilnyj_85_l/";"/images/imgulab/obshelab/135/UT-4686s.jpg"
"1111";"/katalog_tovarov1/obwelaboratornoe_oborudovanie/shkafy_sushilnye/ut4603_shkaf_sushilnyj_123_l/";"/images/imgulab/obshelab/135/UT-4603s.jpg"
"1112";"/katalog_tovarov1/obwelaboratornoe_oborudovanie/shkafy_sushilnye/ut4623_shkaf_sushilnyj_225_l/";"/images/imgulab/obshelab/135/UT-4623s.jpg"
"1114";"/katalog_tovarov1/obwelaboratornoe_oborudovanie/shkafy_sushilnye/ut4601_shkaf_sushilnyj_1000_l/";"/images/imgulab/obshelab/135/UT-4601s.jpg"
"1125";"/katalog_tovarov1/obwelaboratornoe_oborudovanie/inkubatory/ut2045_inkubator_43_l/";"/images/imgulab/photo ulab/ut-2065.jpg"
"1126";"/katalog_tovarov1/obwelaboratornoe_oborudovanie/inkubatory/ut2065_inkubator_49_l/";"/images/imgulab/photo ulab/ut-2065.jpg"
"1127";"/katalog_tovarov1/obwelaboratornoe_oborudovanie/inkubatory/ut2125_inkubator_124_l/";"/images/imgulab/photo ulab/ut-2065.jpg"
"1128";"/katalog_tovarov1/obwelaboratornoe_oborudovanie/inkubatory/ut2230_inkubator_208_l/";"/images/imgulab/photo ulab/ut-2065.jpg"
"1135";"/katalog_tovarov1/obwelaboratornoe_oborudovanie/so2_inkubatory/ut8050_so2_inkubator_50_l/";"/images/imgulab/obshelab/135/UT-8050s.jpg"
"1136";"/katalog_tovarov1/obwelaboratornoe_oborudovanie/so2_inkubatory/ut8150_so2_inkubator_150_l/";"/images/imgulab/obshelab/135/UT-8150s.jpg"
"17181";"/katalog_tovarov1/obwelaboratornoe_oborudovanie/rotatory/us1070_rotator/";"/images/imgulab/1070s.jpg"
"17182";"/katalog_tovarov1/obwelaboratornoe_oborudovanie/rotatory/us1071_rotator/";"/images/imgulab/1070s.jpg"
"1132";"/katalog_tovarov1/obwelaboratornoe_oborudovanie/inkubatory_s_vodyanoj_rubashkoj/ut3340w_inkubator_s_vodyanoj_rubashkoj_40_l/";"/images/imgulab/obshelab/135/UT-3340Ws.jpg"
"1133";"/katalog_tovarov1/obwelaboratornoe_oborudovanie/inkubatory_s_vodyanoj_rubashkoj/ut3311w_inkubator_s_vodyanoj_rubashkoj_111_l/";"/images/imgulab/obshelab/135/UT-3311Ws.jpg"
"1129";"/katalog_tovarov1/obwelaboratornoe_oborudovanie/inkubatory_s_ohlazhdeniem/ut3070_inkubator_s_ohlazhdeniem_74_l/";"/images/imgulab/obshelab/135/UT-3070s.jpg"
"1134";"/katalog_tovarov1/obwelaboratornoe_oborudovanie/inkubatory_s_vodyanoj_rubashkoj/ut3325w_inkubator_s_vodyanoj_rubashkoj_252_l/";"/images/imgulab/obshelab/135/UT-3325Ws.jpg"
"1130";"/katalog_tovarov1/obwelaboratornoe_oborudovanie/inkubatory_s_ohlazhdeniem/ut3150_inkubator_s_ohlazhdeniem_150_l/";"/images/imgulab/obshelab/135/UT-3150s.jpg"
"1131";"/katalog_tovarov1/obwelaboratornoe_oborudovanie/inkubatory_s_ohlazhdeniem/ut3250_inkubator_s_ohlazhdeniem_238_l/";"/images/imgulab/obshelab/135/UT-3250s.jpg"
"1117";"/katalog_tovarov1/obwelaboratornoe_oborudovanie/shkafy_sushilnye_vakuumnye/ut4686v_shkaf_sushilnyj_vakuumnyj_s_nasosom_i_filtrom_91_l/";"/images/imgulab/obshelab/135/UT-4686Vs.jpg"
"1116";"/katalog_tovarov1/obwelaboratornoe_oborudovanie/shkafy_sushilnye_vakuumnye/ut4660v_shkaf_sushilnyj_vakuumnyj_52_l/";"/images/imgulab/obshelab/135/ut-4660v_s.jpg"
"1115";"/katalog_tovarov1/obwelaboratornoe_oborudovanie/shkafy_sushilnye_vakuumnye/ut4630v_shkaf_sushilnyj_vakuumnyj_25_l/";"/images/imgulab/obshelab/135/ut-4660v_s.jpg"
"15706";"/katalog_tovarov1/obwelaboratornoe_oborudovanie/ekstraktory1/us8110/";"/images/imgulab/135x135/8110_small1.jpg"
"15707";"/katalog_tovarov1/obwelaboratornoe_oborudovanie/ekstraktory1/us8110e/";"/images/no_photo.jpg"
"17362";"/katalog_tovarov1/obwelaboratornoe_oborudovanie/shkafy_sushilnye_vakuumnye/ut4660vsmart_shkaf_sushilnyj_vakuumnyj_52_l/";"/images/imgulab/photo ulab/ut-4660v-smart.jpg"
"15708";"/katalog_tovarov1/obwelaboratornoe_oborudovanie/ekstraktory1/us8000/";"/images/imgulab/135x135/8000_s.jpg"
"15709";"/katalog_tovarov1/obwelaboratornoe_oborudovanie/ekstraktory1/us8000e/";"/images/imgulab/135x135/us-8000e_135.jpg"
"17257";"/katalog_tovarov1/obwelaboratornoe_oborudovanie/shejkerinkubator/us3020_shejker_inkubator_50l_ulab/";"/images/imgulab/us-3020.jpg"
"17258";"/katalog_tovarov1/obwelaboratornoe_oborudovanie/shejkerinkubator/us3026_shejker_inkubator_70l_ulab/";"/images/imgulab/us-3020.jpg"
"17420";"/katalog_tovarov1/obwelaboratornoe_oborudovanie/klimaticheskie_kamery/ut7400_kamera_klimaticheskaya_400l/";"/images/imgulab/ut-7070.jpg"
"17422";"/katalog_tovarov1/obwelaboratornoe_oborudovanie/klimaticheskie_kamery/ut7300_kamera_klimaticheskaya_300l/";"/images/imgulab/ut-7070.jpg"
"17424";"/katalog_tovarov1/obwelaboratornoe_oborudovanie/klimaticheskie_kamery/ut7250_kamera_klimaticheskaya_250l/";"/images/imgulab/ut-7070.jpg"
"17410";"/katalog_tovarov1/obwelaboratornoe_oborudovanie/kamery_tepla_i_vlazhnosti/ut6070_kamera_tepla_i_vlazhnosti_70l/";"/images/imgulab/photo ulab/ut-6070.jpg"
"17411";"/katalog_tovarov1/obwelaboratornoe_oborudovanie/kamery_tepla_i_vlazhnosti/ut6150_kamera_tepla_i_vlazhnosti_150l/";"/images/imgulab/photo ulab/ut-6070.jpg"
"17412";"/katalog_tovarov1/obwelaboratornoe_oborudovanie/kamery_tepla_i_vlazhnosti/ut6250_kamera_tepla_i_vlazhnosti_250l/";"/images/imgulab/photo ulab/ut-6070.jpg"
"15054";"/katalog_tovarov1/aksessuary/posuda_laboratornaya/spirtovki/93150_spirtovka_s_kolpachkom_150_ml/";"/images/imgulab/aksessuar/135x135/9-3-150s.jpg"
"15068";"/katalog_tovarov1/aksessuary/posuda_laboratornaya/voronki/98110_voronka_delitelnaya_dlya_ekstraktora_s_teflonovym_kranom_500_ml/";"/images/imgulab/aksessuar/135x135/9-8110s.jpg"
"1304";"/katalog_tovarov1/aksessuary/posuda_laboratornaya/bankipromyvalki/7250_bankapromyvalka_250_ml/";"/images/imgulab/aksessuar/135x135/7-250s.jpg"
"1306";"/katalog_tovarov1/aksessuary/posuda_laboratornaya/bankipromyvalki/71000_bankapromyvalka_1000_ml/";"/images/imgulab/aksessuar/135x135/7-1000s.jpg"
"1305";"/katalog_tovarov1/aksessuary/posuda_laboratornaya/bankipromyvalki/7500_bankapromyvalka_500_ml/";"/images/imgulab/135x135/7-500.jpg"
"15042";"/katalog_tovarov1/aksessuary/posuda_laboratornaya/banki_s_vintovoj_kryshkoj_svetloe_steklo/94500_banka_svetloe_steklo_sinyaya_kryshka_500_ml/";"/images/imgulab/aksessuar/135x135/9-4-500s.jpg"
"15041";"/katalog_tovarov1/aksessuary/posuda_laboratornaya/banki_s_vintovoj_kryshkoj_svetloe_steklo/94250_banka_svetloe_steklo_sinyaya_kryshka_250_ml/";"/images/imgulab/aksessuar/135x135/9-4-250s.jpg"
"15040";"/katalog_tovarov1/aksessuary/posuda_laboratornaya/banki_s_vintovoj_kryshkoj_svetloe_steklo/941000_banka_svetloe_steklo_sinyaya_kryshka_1000_ml/";"/images/imgulab/aksessuar/135x135/9-4-1000s.jpg"
"15039";"/katalog_tovarov1/aksessuary/posuda_laboratornaya/banki_s_vintovoj_kryshkoj_svetloe_steklo/94100_banka_svetloe_steklo_sinyaya_kryshka_100_ml/";"/images/imgulab/aksessuar/135x135/9-4-100s.jpg"
"15037";"/katalog_tovarov1/aksessuary/posuda_laboratornaya/eksikatory_s_kranom/91240_eksikator_s_kranom_240_mm/";"/images/imgulab/aksessuar/135x135/9-1-240s.jpg"
"15036";"/katalog_tovarov1/aksessuary/posuda_laboratornaya/eksikatory_s_kranom/91180_eksikator_s_kranom_180_mm/";"/images/imgulab/aksessuar/135x135/9-1-180s.jpg"
"15046";"/katalog_tovarov1/aksessuary/posuda_laboratornaya/banki_s_vintovoj_kryshkoj_temnoe_steklo/95500_banka_temnoe_steklo_sinyaya_kryshka_500_ml/";"/images/imgulab/aksessuar/135x135/9-5-500s.jpg"
"15045";"/katalog_tovarov1/aksessuary/posuda_laboratornaya/banki_s_vintovoj_kryshkoj_temnoe_steklo/95250_banka_temnoe_steklo_sinyaya_kryshka_250_ml/";"/images/imgulab/aksessuar/135x135/9-5-250s.jpg"
"15044";"/katalog_tovarov1/aksessuary/posuda_laboratornaya/banki_s_vintovoj_kryshkoj_temnoe_steklo/951000_banka_temnoe_steklo_sinyaya_kryshka_1000_ml/";"/images/imgulab/aksessuar/135x135/9-5-1000s.jpg"
"15043";"/katalog_tovarov1/aksessuary/posuda_laboratornaya/banki_s_vintovoj_kryshkoj_temnoe_steklo/95100_banka_temnoe_steklo_sinyaya_kryshka_100_ml/";"/images/imgulab/aksessuar/135x135/9-5-100s.jpg"
"15035";"/katalog_tovarov1/aksessuary/posuda_laboratornaya/eksikatory_bez_krana/92240_eksikator_bez_krana_240_mm/";"/images/imgulab/aksessuar/135x135/9-2-240s.jpg"
"15034";"/katalog_tovarov1/aksessuary/posuda_laboratornaya/eksikatory_bez_krana/92180_eksikator_bez_krana_180_mm/";"/images/imgulab/aksessuar/135x135/9-2-180s.jpg"
"15716";"/katalog_tovarov1/aksessuary/posuda_laboratornaya/eksikatory_bez_krana/eksikator_bez_krana_150_mm/";"/images/no_photo.jpg"
"15686";"/katalog_tovarov1/aksessuary/posuda_laboratornaya/probirki_centrifuzhnye/9810_probirka_centrifuzhnaya_10_ml_dlya_uc1536/";"/images/no_photo.jpg"
"15687";"/katalog_tovarov1/aksessuary/posuda_laboratornaya/probirki_centrifuzhnye/9815_probirka_centrifuzhnaya_15_ml_dlya_uc4000/";"/images/no_photo.jpg"
"15688";"/katalog_tovarov1/aksessuary/posuda_laboratornaya/probirki_centrifuzhnye/9850_probirka_centrifuzhnaya_50_ml/";"/images/no_photo.jpg"
"15689";"/katalog_tovarov1/aksessuary/posuda_laboratornaya/probirki_centrifuzhnye/98100_probirka_centrifuzhnaya_100_ml/";"/images/no_photo.jpg"
"15690";"/katalog_tovarov1/aksessuary/posuda_laboratornaya/probirki_centrifuzhnye/98250_probirka_centrifuzhnaya_250_ml/";"/images/no_photo.jpg"